"","Region","Number of Countries","Total population","Average of GDP per capita","Countries with low income.","Median GDP per capita","Min mortality rate under 5","Max mortality rate under 5"
"1","East Asia & Pacific",36,2259.188726,16517.7907546061,1,4280.838915,2.6,63.4
"2","Europe & Central Asia",58,915.545801,25476.8904806333,1,16680.6781,2.1,47.3
"3","Latin America & Caribbean",42,644.137666,9851.42718326061,1,7145.076837,5.4,71.7
"4","Middle East & North Africa",21,444.322417,15446.61821275,2,5785.9483545,3.6,61.7
"5","North America",3,362.492702,52281.890935,0,52281.890935,5.1,6.6
"6","South Asia",8,1788.388852,3095.0728573,2,1744.9754075,7.9,74.9
"7","Sub-Saharan Africa",48,1056.03889,2368.91415193478,27,1145.6044185,13.1,127.2
"8",NA,44,41.043452,11520.1853780881,NA,7659.672405,3.750166947,78.17877655
